/*
SQLyog Community v13.1.7 (64 bit)
MySQL - 10.4.17-MariaDB : Database - activos_fijos
*********************************************************************
*/

/*!40101 SET NAMES utf8 */;

/*!40101 SET SQL_MODE=''*/;

/*!40014 SET @OLD_UNIQUE_CHECKS=@@UNIQUE_CHECKS, UNIQUE_CHECKS=0 */;
/*!40014 SET @OLD_FOREIGN_KEY_CHECKS=@@FOREIGN_KEY_CHECKS, FOREIGN_KEY_CHECKS=0 */;
/*!40101 SET @OLD_SQL_MODE=@@SQL_MODE, SQL_MODE='NO_AUTO_VALUE_ON_ZERO' */;
/*!40111 SET @OLD_SQL_NOTES=@@SQL_NOTES, SQL_NOTES=0 */;
CREATE DATABASE /*!32312 IF NOT EXISTS*/`activos_fijos` /*!40100 DEFAULT CHARACTER SET utf8 */;

USE `activos_fijos`;

/*Table structure for table `activos` */

DROP TABLE IF EXISTS `activos`;

CREATE TABLE `activos` (
  `codigo` varchar(50) COLLATE utf8_bin NOT NULL,
  `descripcion` varchar(255) COLLATE utf8_bin DEFAULT NULL,
  `cantidad` int(11) DEFAULT 0,
  PRIMARY KEY (`codigo`)
) ENGINE=InnoDB DEFAULT CHARSET=utf8 COLLATE=utf8_bin;

/*Data for the table `activos` */

insert  into `activos`(`codigo`,`descripcion`,`cantidad`) values 
('106001017','CD BIBLIOGRAFIA SOBRE BIODIVERSIDAD EN COLOMBIA 1995-1999',2),
('106001143','ICONOGRAFÍA TUCANES  21 LAMINAS',4),
('106001170','LIBRO GUíA PARA LA ELABORACIÓN DE DOCUMENTOS DE LA COLECCIÓN HUMBOLDT',12),
('106001183','CD-ROM ESPECIES FOCALES COLOMBIANAS. PROYECTO HUELLA COLOMBIA',3),
('106001220','LIBRETA DE NOTAS ORINOCO',5),
('106001271','CD ESTRATEGIA DE EDUCACIÓN AMBIENTAL PARA EL CONOCIMIENTO, EL USO SOSTENIBLE',2),
('106001277','DVD CORREDORES BIOLOGICOS VIDEO ANIMADO',5),
('106001278','DVD PAISAJES RURALES',4),
('106001279','REVISTERO PARA UNIFICACION DE 5 DVD',5),
('106001280','DVD PROYECTO GEF-BM \"DESARROLLO DE CAPACIDADES PARA IMPLEMENTAR EN COLOMBIA EL \"',1),
('106001281','LIBRO BIOCOMERCIO SOSTENIBLE. BIODIVERSIDAD Y DESARROLLO EN COLOMBIA',11),
('106001282','CUADERNO PASTA DURA PROYECTO ANDES',3),
('106001295','LIBRO COLOMBIA: PARQUES NATURALES',2),
('106001350','DVD SPOTS DE PARAMOS ANDINOS',1),
('106001351','DVD LAS CRONICAS DEL HUMBOLDT - VOLUMEN 1.  CERCOS VIVOS, LA PATASOLA, LOS',15),
('106001352','CD RADIO NIEBLA Y LA VIDA DEL PARAMO - PROGRAMAS RADIALES PROYECTO PARAMO ANDINO',1),
('106001358','DVD CORREDORES BIOLOGICOS PARA CONECTAR EL CAMPO CON LA BIODIVERSIDAD',5),
('106001363','VHS YAKAIRA CONDOR DE LOS ANDES',1),
('106001364','CD PAISAJES RURALES',2),
('106001377','CD CATALOGO DE PRODUCTOS DEL PROYECTO CONSERVACION Y USO SOSTENIBLE DE LA BD',5),
('106001391','DVD LAS CRONICAS DEL HUMBOLDT VOL. 2 - La Palma de Cera, Ráquira, Colecciones',7),
('106001392','CARPETA INSTITUCIONAL ALEXANDER von HUMBOLDT',752),
('106001412','PLEGABLE COLECCIONES BIOLÓGICAS',22),
('106001433','CUADERNO ARGOLLADO DOBLE O - PROYECTO PARAMO',9),
('106001452','CAMISETA PROYECTO PARAMO PARA DAMA MANGA CORTA TALLAS- L Y XL',18),
('106001460','DVD MAGDALENA MEDIO Y LLANOS ORIENTALES - PROYECTO ECOPETROL (2010)',5),
('106001475','CARPETA SIB SISTEMA DE INFORMACION SOBRE BIODIVERSIDAD',269),
('106001477','FE DE ERRATAS',129),
('106001500','PORTA DVD EN INGLES TEXTOS ANIMADOS EN 2D',170),
('106001501','CARPETA INSTITUCIONAL VERSION 2012 EN ESPAÑOL',243),
('106001504','ROMPECABEZAS PARAMOS',1),
('106001508','CD MEMORIAS DEL ENCUENTRO COMUNITARIO BOSQUES Y GENTE',3),
('106001600','AGENDA 2012 BIODIVERSIDAD NUESTRA CONEXIÓN VITAL',2),
('106001608','LIBRO NATIONAL POLICY FOR THE INTEGRAL MANAGEMENT - PNGIBSE',58),
('106001610','PLEGABLE GESTION INTEGRAL DE LA BIODIVERSIDAD ESPAÑOL',182),
('106001611','PLEGABLE GESTION INTEGRAL DE LA BIODIVERSIDAD EN INGLES',116),
('106001613','PLEGABLE INSTITUCIONAL EN ESPAÑOL',4),
('106001614','PLEGABLE  INSTITUCIONAL  EN INGLES',2467),
('106001626','CARTILLA CARNE DE MONTE Y CONSUMO DE FAUNA SILVESTRE ORINOQUIA Y AMAZONIA',2),
('106001629','CD MEMORIAS SEGUNDO CONGRESO MUNDIAL DE PARAMOS - PARAMUNDI',5),
('106001640','DVD SERVICIOS ECOSISTEMICOS CONEXION VITAL',190),
('106001643','CARPETA INSTITUCIONAL VERSION 2012 EN INGLES',723),
('106001679','DVD MEMORIAS DEL SIMPOSIO PARAMOS Y ALTA MONTAÑA (DOS DVD)',5),
('106001685','JUEGO \"DE PASEO POR LOS HUMEDALES',4),
('106001686','AFICHE MEDIO PLIEGO 302PS',1264),
('106001688','AGENDA INSTITUCIONAL 2014 IDENTIDAD ANCESTRAL NUESTRE CONEXIÓN VITAL',4),
('106001693','REVISTA BIOTA COLOMBIANA VOLUMEN 14 SUPLEMENTO ESPECIAL DATOS',1),
('106001705','LIBRO RAYAS DE AGUA DULCE DE SURAMERICA PARTE I VOLUMEN IX',5),
('106001711','VIDEO IV ENCUENTRO COMUNITARIO DE HUMEDALES',4),
('106001712','LIBRO PLAN DE INVESTIGACION Y MONITOREO DEL SISTEMAS NACIONAL DE AREAS',1),
('106001713','DVD VIRAL  BIODIVERSIDAD EN ESPAÑOL',17),
('106001714','VIDEO MULTIIMAGEN DE COLOMBIA',19),
('106001715','VIDEO MULTIIMAGEN NUESTROS ANDES',127),
('106001716','VIDEO DEL AÑO INTERNACIONAL DE LA BIODIVERSIDAD 2010',129),
('106001723','FOLLETO PNGIBSE RESUMEN EJECUTIVO CON CD',594),
('106001734','LIBRO COLOMBIA COMPLEJA RUSTICOS',1),
('106001735','LIBRO COLOMBIA COMPLEJA PASTA DURA',6),
('106001739','LIBRO ROJO DE AVES DE COLOMBIA VOLUMEN I',197),
('106001741','CARPETAS  PROYECTO OROTOY',374),
('106001744','CD PROGRAMA PARA EL FORTALECIMIENTO DE CAPACIDADES REGIONALES SOBRE RESTAURACION',4),
('106001750','CARTILLA BIODIVERSIDAD UNA GUIA PARA TODOS',5),
('106001777','LIBRO COLOMBIA EL PAIS DE LA MEGADIVERSIDAD  2014',83),
('106001793','LIBRO TROPICOS CRONICAS DE SERES Y PAISAJES',4),
('106001795','LIBRO BIODIVERSIDAD DE LA ESTRELLA FLUVIAL INIÍIDA',2),
('106001796','BROCHURE INSTITUCIONAL AVERIGUAL EL AÑO',23),
('106001806','DVD MEMORIAS V ENCUENTRO COMUNITARIO SIGUIENDOLE LA PISTA A LA BIODIVERSIDAD',5),
('106001812','CUADERNILLO BIODIVERSIDAD EN EL LABERINTO DE LA COMUNICACIÓN\"',2),
('106001816','PLEGABLE COMPLEJO DE PARAMOS LOS NEVADOS',48),
('106001817','PLEGABLE COMPLEJO DE PARAMOS NEVADO DEL HUILA - MORAS',48),
('106001818','PLEGABLE COMPLEJO DE PARAMOS GUERRERO',37),
('106001819','PLEGABLE COMPLEJO DE PARAMOS IGUAQUE - MERCHAN',48),
('106001832','CD COLOMBIA ANFIBIA LA MUSICA DE LOS HUMEDALES',29),
('106001837','CUADERNO DE NOTAS SELVA DE MATAVÉN',6),
('106001844','LIBRO CONSERVACION DE LAS TORTUGAS CONTINENTALES DE COLOMBIA: EVALUACION 2012',4),
('106001845','LIBRO ROJO DE LOS CANGREJOS DULCEACUICOLAS DE COLOMBIA 2015',139),
('106001846','LIBRO APLICACION DE CRITERIOS BIOECOLOGICOS … SABANAS INUNDABLES DE LA ORINOQUIA',252),
('106001847','LIBRO ROJO DE REPTILES  DE COLOMBIA 2015',1),
('106001848','LIBRO CONSERVACION DE GRANDES VERTEBRADOS EN AREAS NO PROTEGIDAS DE COL., VEN.',5),
('106001874','LIBRO VIPSE INTEGRATED EVALUATION OF BIODIVERSITY AND ECOSYSTEM SERVICES',233),
('106001875','COLOMBIA PAÍS MEGADIVERSO',18),
('106001882','AGENDA AÑO 2016 PARAMOS Y HUMEDALES',1),
('106001883','BROCHURE PROYECTO OROTOY INGLES',453),
('106001886','PLEGABLE LABORATORIO DE BIOGEOGRAFIA APLICADA Y BIOACUSTICA',616),
('106001887','AFICHE LABORATORIO DE BIOGEOGRAFIA APLICADA Y BIOACUSTICA',152),
('106001899','LIBRO RAMIRO Y EL CHIGÜIRO',432),
('106001904','PLEGABLE DE 10 CUERPOS CONEXION VITAL / PALABRAS DIVERSAS',90),
('106001910','REVISTA BIOTA COLOMBIANA VOLUMEN 16 NUMERO 1',1),
('106001936','GORRAS  EN ALGODON',36),
('106001937','UNIFORME BLAZER NEGRO MUJER TALLA S',8),
('106001948','REVISTA BIOTA COLOMBIANA V-19 No1',1),
('106001949','LIBRO COPA MUNDIAL HUMBOLDT BIODIVERSO 2018',12),
('106001951','BROCHURE PROYECTO OROTOY ESPAÑOL',336),
('106001952','PLEGABLE COMEPIOJOS PROYECTO OROTOY INGLES',465),
('106001953','PLEGABLE COMEPIOJOS PROYECTO OROTOY IFRANCES',419),
('106001964','ESFERO PROYECTO SIB',96),
('106001967','JUEGOS DE POSTALES  PROYECTO SIB',94),
('106001972','PLEGABLE SOBRE CONFLICTO ARMADO Y  LOS COMPLEJOS DE PARAMOS',27),
('106001976','POSTALES  CONEXIION VITAL',569),
('106001978','DVD DOCUMENTAL DIALOGOS CON LA  NATURALEZA CONSTRUYENDO PUENTES DE VIDA',5),
('106001990','CAMISETA BLANCA (RIO BITA)',54),
('106001991','CAMISETA AZUL (RIO BITA)',19),
('106002202','LIBRO TAPA DURA TRANSICIONES SOCIOLOGICAS HACIA LA SOSTENIBILIDAD',36),
('106002203','LIBRO TRANSICIONES SOCIOLOGICAS HACIA LA SOSTENIBILIDAD',616),
('106002204','REVISTA BIOTA VOL 19 No 2  JULIO-DICIEMBRE 2018',44),
('106002239','LIBRO BIODIVERSIDAD DE LA SIERRA DE LA MACARENA PARTE I RIO GUAYABERO',90),
('106002240','PLEGABLES  DE LA SIERRA DE LA MACARENA BIODVERSIDAD DE LOS RIOS GUAYAVERO',24),
('106002241','AFICHE AVES DE LOS RIOS GUAYAVERO, LOSADA Y DUDA',25),
('106002242','ANFIBIOS DE LOS RIOS GUAYAVERO, LOSADA Y DUDA',25),
('106002243','AFICHE PECES DE LOS RIOS GUAYAVERO, LOSADA Y DUDA',25),
('106002244','AFICHE REPTILES DE LOS RIOS GUAYAVERO, LOSADA Y DUDA',25),
('106002245','AFICHE MACROINVERTEBRADOS DE LOS RIOS GUAYAVERO, LOSADA Y DUDA',25),
('106002247','LIBRO VI. FAUNA SILVESTRE DEL ESCUDO GUAYANES (COLOMBIA - VENEZUELA)',56),
('106002249','BIODIVERSIDAD  2019  ESTADO Y TENDENCIA DE BIODIVERSIDAD CONTINENTAL DE COLOMBIA',314),
('106003011','CUARDERNOS PROYECTO PROYECTO BITA',2),
('106003014','REVISTA BIOTA COLOMBIANA VOLUMEN 17 SUPLEMENTO 1',1),
('106003016','LIBRO MORICHALES, CANANGUANCHALES  Y OTROS PALMARES PARTE II VOLUMEN XIV',442),
('106003023','REVISTA BIOTA COLOMBIANA VOL. 17 No. 1',2),
('106003024','REVISTA BIOTA COLOMBIANA VOL. 17  No. 2',49),
('106003027','LIBRO \"CHICO EL BOCACHICO\"',877),
('106003028','LIBRO  RAYAS DE AGUA DULCE DE SURAMÉRICA PARTE II',52),
('106003034','MOCHILA ECOLOGICA X KIT GUARDIANES',2),
('106003038','FABULA ILUSTRADA GUARDIANES DE OROTOY',63),
('106003039','BOLETINES INFORMATIVOS PROYECTO OROTOY # 1 HISTORIAS DE UN RIO',183),
('106003040','BOLETINES INFORMATIVOS PROYECTO OROTOY # 2 TERRITORIO',163),
('106003041','BOLETINES INFORMATIVOS PROYECTO OROTOY # 3 VOLVER A LAS RAICES',172),
('106003042','BOLETINES INFORMATIVOS PROYECTO OROTOY # 4 BIODIVERSIDAD  CON B',163),
('106003043','BOLETINES INFORMATIVOS PROYECTO OROTOY # 5  PEQUEÑAS IDEAS',163),
('106003044','LIBRO ROJO DE AVES DE COLOMBIA  VOL II',328),
('106003058','MINICUENTOS REF. 2  INSTITUTO',1656),
('106003060','LIBRO URBAN NATURE: PLATFORM OF ESPERIENCIES',74),
('106003061','PLAN DE ACCION DE LA ESTRATEGIA NACIONAL PARA LA CONSERVACIÓN DE PLANTAS EN COL.',114),
('106003062','LIBRO PLANTAS EXÓTICAS CON ALTO POTENCIAL DE INVASIÓN EN COLOMBIA/ GUIA DE PLANT',160),
('106003064','GUIAS DIVULGATIVAS PARA MAESTROS',657),
('106003065','CARPETA BIOMODELOS',40),
('106003066','POSTALES EN ESPAÑOL BIOMODELOS',11),
('106003067','POSTALES EN INGLES BIOMODELOS',10),
('106003068','INFOGRAFIA EN ESPAÑOL  BIOMODELOS',140),
('106003069','INFOGRAFIA EN INGLES   BIOMODELOS',10),
('106003070','IMPRESIONES PUBLICA TU MAPA BIOMODELOS',10),
('106003071','SET LIBRILLOS BIOMODELOS',20),
('106003072','SOBRE   LIBRILLOS BIOMODELOS',20),
('106003073','LIBRO CONFLICTO ENTRE FELINOS Y HIUMANOS EN ÁMERICA LATINA',23),
('106003074','LIBRO FAUNA DE CAÑO CRISTALES, SIERRA DE LA MACARENA, META, COLOMBIA',151),
('106003075','PLEGABLE FAUNA DE CAÑO CRISTALES, SIERRA DE LA MACARENA, META, COLOMBIA',13),
('106003076','AFICHE FAUNA DE CAÑO CRISTALES, SIERRA DE LA MACARENA, META, COLOMBIA',31),
('106003141','LIBROS \"BIODIVERSITY 2016 STATUS AND TRENDS OF COLOMBIAN CONTINENTAL BIODIVERSI',1),
('106003143','PLEGABLES QUERIDOS Y TEMIDOS DE LA NATURALEZA URBANA',290),
('106003147','LIBRO \"RECOLECCION DE TEJIDOS BIOLÓGICOS PARA ANÁLISIS  GENÉTICOS\"',98),
('106003149','LIBRO BIODIVERSIDAD DEL RIO BITA, VICHADA COLOMBIA',214),
('106003150','LIBRO AREAS CLAVE PARA LA CONSERVACION DE LA BIODIVERSIDAD DULCEAVICOLA',60),
('106003154','REVISTA BIOTA VOLUMEN  18 No. 1',29),
('106003155','GUIA DE ACCESO DIRECTO DEL SIB COLOMBIA',1257),
('106003156','CARPETAS SIB COLOMBIA 2018',79),
('106003164','REVISTA BIOTA COLOMBIANA VOLUMEN 18  No.  2',4),
('106003167','ESTRATEGIA DE GOBERNANZA LA CUENCA DEL RIO OROTOY  UN TERRITORIO CON CONFLICTOS',296),
('106003169','LIBRO LA CUENCA DEL RIO OROTOY: CONOCIMIENTOS PARA LA GESTION TERRITORIAL',2),
('106003171','LIBRETAS SIB COLOMBIA',15),
('106003183','CRONICAS DE LA RESILENCIA',125),
('106003184','MOLUSCOS DULCEAVICOLAS DE COLOMBIA',9),
('106003188','REVISTA CAMPAÑA TRAVESIA PATRIA',205),
('106003191','TARJETA NARANJA  PROYECTO PARAMOS ALBECIA COLOMBIAN COFFEE',250),
('106003192','TARJETA VERDE PROYECTO PARAMOS ECOLOGICOS DE BERLIN',225),
('106003193','TARJETA VERDE LIMON PROYECTO PARAMOS ASOPROCAB',250),
('106003194','TARJETA MORADA PROYECTO PARAMOS AITAB',350),
('106003195','TARJETA ROJA  PROYECTO PARAMOS ASOTORRES',250),
('106003196','TARJETA ROSADA PROYECTO PARAMOS TESOROS NATIVOS',200),
('106003197','TARJETA AMARILLA PROYECTO PARAMOS ELIXIR DEL PARAMO',350),
('106003198','TARJETA AZUL PROYECTO PARAMOS  ASOPALM',225),
('106003199','TARJETA ZAPOTE PROYECTO PARAMOS VIVERO LA NEVERA',50),
('106003200','INFORME TECNICO PROYECTO CHAWAR GRAN TIERRA',2),
('106003201','PLEGABLE PROYECTO CHAWAR GRAN TIERRA',193),
('106003203','HORMIGAS DE COLOMBIA',5),
('106003205','PLEGABLE MODELO 1 BOYACA BIO',160),
('106003206','PLEGABLE MODELO 2 BOYACA BIO',29),
('106003207','LIBRO PROYECTO BOYACA BIO',50),
('106003208','CARTILLA PROYECTO BOYACA BIO',159),
('106003209','LIBRETA BIOMODELOS',350),
('106003210','LIBRETA BIO TABLERO',287),
('106003211','ANIMALARIO DE LA BIODIVERSIDAD COLOMBIANA',506),
('106003212','EL GRAN LIBRO DE LA ORINOQUIA',236),
('106003213','BOLSA PLANA EN CAMBREL COLOR AZUL',1690),
('106003214','BOLSA ECO CON BOLSILLO',104),
('106003215','MOCHILA DE ESPALDA',177),
('106003216','AFICHE PESCA DEPORTIVA EN COLOMBIA',200),
('106003217','LIBRO PESCA DEPORTIVA EN COLOMBIA',273),
('106003218','AFICHE BIODIVERSIDAD SUBTERRANEA',150),
('106003219','LIBRO BIODIVERSIDAD SUBTERRANEA DEL PEÑON',178),
('106003220','PIN METALICO CON LOGO INSTITUCIONAL CONMEMORACION 25 AÑOS',668),
('106003225','LIBRO LEO MILLER',5),
('106003226','LIBRILLOS DE 32 PAGINAS SEGUN DISEÑO ENTREGADO',30),
('106003227','PLEGABLE DOBLE CARTA SEGUN DISEÑO ENTREGADO',34),
('106003228','IMPRESION LASER DE 8 HOJAS X 4 COPIAS',32),
('106003229','STICKER DOS REFERENCIAS X 4 COPIAS',8),
('106003230','CAJAS DE 22X28.5 X2 SEGUN DISEÑO ENTREGADO',4),
('106003231','MAPAS TAMAÑO PLIEGO EN BANNER SEGUN DISEÑO',3),
('106003232','IMPRESION LASER DE MANUAL DE FOTOTRAMPEO',49),
('106003233','LIBRO MANUAL DE RECOLECCION PROCESAMIENTO Y CONSERVACION DE SEMILLAS',9),
('106003234','TULA EN TELA LONA CREDA',600),
('106003235','KIT PLUMONES INCLUYE ESTUCHE CILÍNDRICO',1100),
('106003236','LIBRETA PARA APUNTES',1100),
('106003237','LAPIZ EN SEMILLA',1100),
('106003238','VASO CERÁMICO 11 OZ',100),
('106003251','PLEGABLE DOBLE CARTA DE 43.18 X 27.94 CMS',700),
('106003252','PLEGABLE 5 CUERPOS CON TROQUEL SENCILLO 98 X 27.51',200),
('106004000','LIBRO HACE TIEMPO',316),
('106004001','LIBRO VOCES DE LA GESTIÓN TERRITORIAL ESTRATEGIAS PARA LA CONSERVACIÓN',112),
('106005000','BOLSA INSTITUCIONAL DE 50 X 40 CMS',824),
('106005001','LIBRETA INSTITUCIONAL 20 X 20 CMS',651),
('106005002','MUG  DE 11 ONZAS EN CERAMICA COLORES AZUL, NARANJA Y AMARILLO',24),
('106005003','BOTELLA DE ALUMINIO DE 500 ML DE 19 CMS DE ALTO',20),
('106005004','FLOW RING ANTIESTRES',147),
('106005005','PAÑO QUICK DRY DE MICROFIBRA',72),
('106005006','SET DE MEMOS SLIM (ESTUCHE CON BANDERAS ADHESIVAS POSIT YBOLIGRAFO)',80),
('106005007','STICKER DE 10X10',338),
('106005008','MOCHILA PAINT DE 25 X30 CMS',155),
('106005009','BOLSA YUTE 40 X 45CMS',500),
('106005011','Caja estuche en carton industrial',200),
('106005012','Botellas Termica en acero WIN 500',200),
('106005013','Libretas tapa dura con lomo cuadrado',200),
('106005014','Boligrafo Dresde',200),
('106005015','Bolsa Harbin Bolsa tipo shopping 46x38x8 cm',200),
('106005016',' Memoria USB 16GB en Madera',200),
('107001019','TONER IMPRESORA HP  NEGRO',1),
('107001033','TARJETA DE RED',1),
('107001034','MOUSE',3),
('107001056','TARJETA DE VIDEO',1),
('107001093','BATERIA  PARA PORTATIL',4),
('107001104','MOUSE INALÁMBRICO',1),
('107001115','CAMARA WEB GENIUS',2),
('107001117','ADAPTADOR VGA',1),
('107001122','CINTA ENMASCARAR  1\"',6),
('107001124','PALA DE JARDINERIA',2),
('107001126','CINTA FLAGGING NARANJA',8),
('107001128','PILAS RECARGABLES AAA',190),
('107001131','PALA PEQUEÑA',1),
('107001173','TECLADO',3),
('107001193','ADAPTADOR USB A RED',1),
('107001220','COMBO DE TECLADO , MOUSE INALAMBRICO Y BASE PORTATIL',2),
('107001231','SUWBOFER',1),
('107001234','MICROFONO INHALAMBRICO  PARA DIADEMA DE SOLAPA',3),
('107001235','AUDIFONO USB  INHALAMBRICO',1),
('107001245','MEMORIA USB 32 GB',4),
('107001260','COMBO DE TECLADO Y MOUSE',1),
('107001274','ROLLO DE PAPEL ADSORVENTE WYPALL',8),
('107001280','SISTEMA DE DESCARGA BAÑO LLAVE PUSH',1),
('107001288','TABLA LEGAJADORA OFICIO',12),
('107001292','ATOMIZADORES PLASTICOS',6),
('107001306','BOLSA DE TELA 60*70 CM',5),
('107001318','TARJETA DE MEMORIA RAM DE 16 GB',1),
('107001323','Lija No 180',1),
('107001324','LIJA No 150',2),
('107001335','FECHADOR AUTOENTINTABLE',1),
('107001336','CARGADOR CONECTOR 5 PINES',1),
('107001337','MEMORIA RAM 32GB ACTUALIZACIÓN',1),
('107001338','ADAPTADOR MULTIPUERTO 4k',1),
('107001342','MEMORIA RAM INTERNA 32GB',5),
('107001346','DISCO INTERNO 1TB ESTADO SOLIDO',1),
('107001347','COMBO DE TECLADO Y MOUSE INHALAMBRICO',1),
('107001348','AUDIFONOS DE DIADEMA DE ALTA DEFINICIÓN',6),
('107001349','DISCO DURO INTERNO 500 GB',1),
('107001352','CABEZALES PAR DISCO DURO 500 GB MECANICO DE EQUIPO PORTÁTIL',1),
('107001353','ANTENAS PARA CONEXIÓN INALAMBRICA',10),
('107001369','TARJETA DE MEMORIA RAM 64GB',2),
('107001370','KIT PARA VIDEO LLAMADAS (CAMARA, MICROFONO CON AUDIFONOS)',35),
('107001371','Cable USB-C Digital AV Multiport Adapter (conexiones HDMI - USB USB-C)',3),
('107001372','CABLE USB A USB-C ADAPTADOR',3),
('107002041','PILA ALCALINA AA',81),
('107002045','CONECTOR RJ-45',3),
('107002050','PILAS RECARGABLES DOBLE A X 2',1),
('107002058','VINILO',10),
('107002095','LLAVE GRIVAL PARA LAVAMANOS',1),
('107002101','ROLLO DE CINTA TEFLON',1),
('107002142','TUBO DE PVC 1/2',130),
('107002155','PILAS 9 Voltios',1),
('107002186','TUBO T8 DE 17/32 WS',20),
('107002198','CALIBRADOR',1),
('107002267','BOLSA DE TELA 30*40 CMS',15),
('107002290','THINNER',1),
('107002314','GUAYA',16),
('107002413','CABLE HDMI-HDMI',1),
('107002508','TABLA DE ACRILICO',16),
('107002511','BATERIA AA ULTIMATE LITHIUM',1890),
('107002530','CINTA METRICA 1.5 MT',1),
('107002544','SEÑALIZACIÓN PARA KITS DE DERRAMES',8),
('107002564','ESTIBA ANTIDERRAME DE 4 PUESTOS CON CAPACIDAD DE 120 LITROS',1),
('107002570','GUARDIAN BIOLOGICO PARA ELEMENTOS CORTOPUNZANTES DE 1,3 LITROS',2),
('107002571','SOPORTE DE PARED PARA GUARDIAN BIOLOGICO DE 1,3 LITROS',6),
('107002574','GILLOTINA PEQUEÑA CON CUCHILLA PARA DESILAZAR PALANCA DE 20*25',2),
('107002575','GUILLOTINA GRANDE CON CUCHILLA QUE CAE PALANZA DE 40*36',1),
('107002576','TUBINO DE HILO DE ALGODÓN',10),
('107002577','TIJERA PODADORA DE ALTO RENDIMIENTO',2),
('107002617','NEVERA ICOPOR',6),
('107002648','PINTURA TRAFICO AMARILLO',1),
('107002718','TIJERAS PODADORAS',4),
('107002926','CABLE VGA',1),
('107002930','MAPPING INTERACTIVO Y EXPOSICION FOTOGRAFICA',1),
('107002932','ANGEO PLASTICO',1),
('107002961','CARGADOR PARA BATERIA 12W',2),
('107003028','BOMBILLO',28),
('107003162','CEPILLO PARA LAVAR ROPA',3),
('107003167','ACRILICO DE 2 METROS X 1 METRO CON SOPORTE',2),
('107003168','LOCKER DE 2 METROS 9 PUESTOS',3),
('107003169','FUMIGADORAS DE 12 LIROS',2),
('107003185','CABUYA DE FIQUE',2),
('107003204','PILAS REFRIGERANTES',8),
('107003205','NEVERA DE ICOPOR DE 15 DE LITROS',2),
('107003206','BATERIA DE CARRO RECARGABLE DE 12V',2),
('107003207','PLATAFORMA DE NIVELACIÓN CON BASE DE 1X1 METROS',2),
('107003218','METRO DE TUBO 1\"',1),
('107003219','SIFON RIJIDO',1),
('107003225','ENTREPAÑOS DE 90 X 40 CMS',40),
('107003226','CINTURONES FRONTALES DE 895 MM X 50 MM',120),
('107003227','CINTURONES FRONTALES DE 745 MM  X 50 MM',35),
('107004016','KIT DE DERRAMES DE SUSTANCIAS BIOLOGICAS PARA 5 GALONES',2),
('107004017','KIT DE DERRAMES DE SUSTANCIAS QUÍMICAS PARA 5 GALONES',6),
('107004018','KIT DE CONTROL DE DERRAMES EN CARRETERA PARA 5 GALONES',1),
('107005004','DATALOGGER  TERMOHIGRÓMETRO USB',4),
('107005016','PAPEL PERIODICO POR ARROBA',1),
('107005017','PINCEL TIPO BROCHA',2),
('107005052','MESA ENROLLABLE ESTANDARD',2),
('107005053','BATERIAS ALKALINAS AAA PAQUETE X 48',1),
('107005054','PILA ALCALINA AA PAQUETE X 40 UNIDADES',1),
('107005055','CADENA ACERO INOXIDABLE 7 MM*',10),
('107005060','CAJA EN CARTON PAJA MEDIDAS 37 X 25 X 20',80),
('107005061','CAJA EN CARTON PAJA MEDIDAS 25 X 15 X 15',50),
('107005062','CAJA EN CARTÓN PAJA MEDIDAS 18 X 12 X 6',30),
('107005063','CAJA EN CARTÓN PAJA MEDIDAS 11 X 8 X 6',30),
('107005081','CINTA DE ENMASCARAR 12 X 25',20),
('107005083','FLASH CANON 600EXIIRT',1),
('107005084','ADAPTADOR DE LENTES CANON TIPO EF/EFS A RF',2),
('107005085','TARJETA DE MEMEMORIA 128GB',2),
('107005086','BATERÌA PARA CAMARA CANON LPE6N ORIGINAL',3),
('107005087','ADAPTADOR DE ENERGIA CANON PARA EOS R',1),
('107005088','INTERFAZ DE AUDIO ZOOM H6',1),
('107005089','DIFUSOR PARA FLASH PORTATIL (8 x 12\") VELLO',2),
('107005090','FILTRO HOYA PARA LENTE UV 67MM',1),
('107005091','FILTRO HOYA PARA LENTE UV 77MM',1),
('107005092','FILTRO HOYA PARA LENTE POLARIZADOR 77MM',1),
('107005093','CAJA DE TRANSPORTE PLASTICA PELICAM 1510TP',1),
('107005094','MORAAL DE FOTOGRAFIA LOWEPRO Pro Trekker BP 450 AW II',1),
('107005095','SOPORTE ILUMINACION IMPACT',3),
('107005101','BOLSA ZIPLOC 36X24 CM PAQUETE X 100 UNIDADES',12),
('107005105','Cinta especial para dejar marcas de posición',3),
('107005106','CINTA METRICA DE 50 METROS',7),
('107005107','Pelota Mediana Maciza Irrompible Goma Caucho',6),
('107005108','Tubo PVC 3\" X 6 METROS SANITARIO',1),
('107005109','Tubo PVC 3\" X 6 METROS SANITARIO',25),
('107005110','Rotuladora Mecánico Organizer Xpress Pro Label Maker',1),
('107005111','Pintura de aceite',3),
('107005112','Guayas de 1.8 metros X 4 mm  para cámaras trampa',3),
('107005115','CINTA PARA AUTOCLAVE CONTROL 12 MM X 50 METROS',2),
('107005128','BOLSA ZIPLOC 17X15 CM PAQUETE X 100 UNIDADES',2),
('107005131','CUERDA PARA COLGAR ROPA/ BOLSAS 20 METROS CALIBRE 2',3),
('107005132','TUBO DE PVC NARANJA DE 2 PULGADAS',70),
('107005133','CINTA METRICA DE 30 METROS',3),
('107005134','RELLENO PARA EVÌOS DE CAJAS: CARTÓN TRITURADO, ENVOLTURA DE ESPUMA ICOPOR TRITUR',12),
('107005135','GANCHOS PINZAS DE ROPA X 12 UNIDADES',12),
('107005139','BOLSAS PLASTICA TRANSPARENTE DE 35X40 CM CALIBRE 3 PQTE X 100',9),
('107005142','COSTALES FIBRA NUEVOS PEQUEÑOS (TAMAÑO APROX. 60 X 85 CM)',21),
('107005143','COSTALES FIBRA NUEVO GRANDES (APROX. 80 X 110 CM)',15),
('107006002','IMAN PARA VEHICULOS CON EL LOGO DEL INSTITUTO',6);

/*Table structure for table `detalles_prestamo` */

DROP TABLE IF EXISTS `detalles_prestamo`;

CREATE TABLE `detalles_prestamo` (
  `id` bigint(20) NOT NULL AUTO_INCREMENT,
  `id_prestamo` bigint(20) DEFAULT NULL,
  `codigo` varchar(50) COLLATE utf8_bin DEFAULT NULL,
  `descripcion` varchar(255) COLLATE utf8_bin DEFAULT NULL,
  `cantidad` int(11) DEFAULT NULL,
  `recibidos` int(11) DEFAULT 0,
  `devueltos` int(11) DEFAULT 0,
  `fecha_registro` timestamp NOT NULL DEFAULT current_timestamp(),
  PRIMARY KEY (`id`)
) ENGINE=InnoDB AUTO_INCREMENT=28 DEFAULT CHARSET=utf8 COLLATE=utf8_bin;

/*Data for the table `detalles_prestamo` */

insert  into `detalles_prestamo`(`id`,`id_prestamo`,`codigo`,`descripcion`,`cantidad`,`recibidos`,`devueltos`,`fecha_registro`) values 
(21,16,'106001017','CD BIBLIOGRAFIA SOBRE BIODIVERSIDAD EN COLOMBIA 1995-1999',2,0,0,'2021-02-21 18:54:47'),
(22,16,'106001170','LIBRO GUíA PARA LA ELABORACIÓN DE DOCUMENTOS DE LA COLECCIÓN HUMBOLDT',9,0,0,'2021-02-21 18:54:53'),
(23,17,'106001170','LIBRO GUíA PARA LA ELABORACIÓN DE DOCUMENTOS DE LA COLECCIÓN HUMBOLDT',3,0,0,'2021-02-21 18:56:52'),
(24,18,'106001143','ICONOGRAFÍA TUCANES  21 LAMINAS',1,0,0,'2021-02-21 18:57:48'),
(25,18,'106001183','CD-ROM ESPECIES FOCALES COLOMBIANAS. PROYECTO HUELLA COLOMBIA',1,0,0,'2021-02-21 18:57:52'),
(26,19,'106001170','LIBRO GUíA PARA LA ELABORACIÓN DE DOCUMENTOS DE LA COLECCIÓN HUMBOLDT',3,0,0,'2021-02-21 19:03:55'),
(27,20,'106001170','LIBRO GUíA PARA LA ELABORACIÓN DE DOCUMENTOS DE LA COLECCIÓN HUMBOLDT',4,0,0,'2021-02-21 19:11:23');

/*Table structure for table `empresa` */

DROP TABLE IF EXISTS `empresa`;

CREATE TABLE `empresa` (
  `id` bigint(20) DEFAULT NULL,
  `nombre` varchar(255) DEFAULT NULL,
  `linea1` varchar(255) DEFAULT NULL,
  `linea2` varchar(255) DEFAULT NULL,
  `linea3` varchar(255) DEFAULT NULL
) ENGINE=InnoDB DEFAULT CHARSET=utf8;

/*Data for the table `empresa` */

insert  into `empresa`(`id`,`nombre`,`linea1`,`linea2`,`linea3`) values 
(1,'Instituto Humboldt',NULL,NULL,NULL);

/*Table structure for table `prestamos` */

DROP TABLE IF EXISTS `prestamos`;

CREATE TABLE `prestamos` (
  `id` bigint(20) NOT NULL AUTO_INCREMENT,
  `id_usuario` bigint(20) DEFAULT NULL,
  `fecha` date DEFAULT NULL,
  `observacion` varchar(500) COLLATE utf8_bin DEFAULT NULL,
  `estado` varchar(50) COLLATE utf8_bin DEFAULT 'SOLICITADO' COMMENT 'estado del prestamo (solicitado, confirmado, entregado, devuelto)',
  PRIMARY KEY (`id`)
) ENGINE=InnoDB AUTO_INCREMENT=21 DEFAULT CHARSET=utf8 COLLATE=utf8_bin;

/*Data for the table `prestamos` */

insert  into `prestamos`(`id`,`id_usuario`,`fecha`,`observacion`,`estado`) values 
(16,12345,'2021-02-21',NULL,'SOLICITADO'),
(17,123456,'2021-02-11',NULL,'CONFIRMADO'),
(18,12345,'2021-02-03',NULL,'CONFIRMADO'),
(19,12345,'2021-02-20',NULL,'ENTREGADO'),
(20,123456,'2021-02-21','prueba edicion','ENTREGADO');

/*Table structure for table `usuarios` */

DROP TABLE IF EXISTS `usuarios`;

CREATE TABLE `usuarios` (
  `nit` bigint(20) NOT NULL,
  `pass_` varchar(100) DEFAULT NULL,
  `nombre` varchar(255) DEFAULT NULL,
  `direccion` varchar(255) DEFAULT NULL,
  `telefono` varchar(255) DEFAULT NULL,
  `is_admin` tinyint(1) DEFAULT 0,
  PRIMARY KEY (`nit`)
) ENGINE=InnoDB DEFAULT CHARSET=utf8;

/*Data for the table `usuarios` */

insert  into `usuarios`(`nit`,`pass_`,`nombre`,`direccion`,`telefono`,`is_admin`) values 
(1234,'d033e22ae348aeb5660fc2140aec35850c4da997','administrador','principal','principal',1),
(4321,'d033e22ae348aeb5660fc2140aec35850c4da997','admin','','',1),
(12345,'12dea96fec20593566ab75692c9949596833adc9','usuario','-','-',0),
(43212,'12dea96fec20593566ab75692c9949596833adc9','user','','',0),
(123456,'12dea96fec20593566ab75692c9949596833adc9','user_2','-','-',0);

/*!40101 SET SQL_MODE=@OLD_SQL_MODE */;
/*!40014 SET FOREIGN_KEY_CHECKS=@OLD_FOREIGN_KEY_CHECKS */;
/*!40014 SET UNIQUE_CHECKS=@OLD_UNIQUE_CHECKS */;
/*!40111 SET SQL_NOTES=@OLD_SQL_NOTES */;
